Workbook

Sheet Lead & Clienti
A1: AI Osha — Risorsa 10 · CRM Minimo
A2: Un solo file al posto di sei fogli sparsi. Il valore pesato e la Pipeline si calcolano da soli.
A4: ID | B4: Nome contatto | C4: Azienda | D4: Email | E4: Telefono | F4: Fonte | G4: Stadio | H4: Valore stimato (€) | I4: Probabilità % | J4: Valore pesato (€) | K4: Prossima azione
A5: 1 | B5: Mario Rossi | C5: Rossi SRL | D5: mario@rossi.it | E5: +39 333 1234567 | F5: LinkedIn | G5: Qualificato | H5: 5000 | I5: 60 | J5: =IF(H5="","",H5*I5/100)
A6: 2 | B6: Anna Bianchi | C6: Bianchi & Co | D6: a.bianchi@bianchi.it | E6: +39 340 7654321 | F6: Referral | G6: Proposta inviata | H6: 12000 | I6: 70 | J6: =IF(H6="","",H6*I6/100)
A7: 3 | B7: Luca Verdi | C7: Verdi Spa | D7: luca.verdi@verdispa.com | E7: +39 348 1112233 | F7: Sito web | G7: Primo contatto | H7: 3500 | I7: 30 | J7: =IF(H7="","",H7*I7/100)
A8: 4 | B8: Sara Neri | C8: Neri SAS | D8: s.neri@nerisas.it | E8: +39 335 5556677 | F8: Fiera | G8: Negoziazione | H8: 8000 | I8: 80 | J8: =IF(H8="","",H8*I8/100)
A9: 5 | B9: Paolo Gialli | C9: Gialli SRL | D9: info@gialli.it | E9: +39 320 9988776 | F9: Newsletter | G9: Vinto | H9: 6500 | I9: 100 | J9: =IF(H9="","",H9*I9/100)
A10: 6 | J10: =IF(H10="","",H10*I10/100)
A11: 7 | J11: =IF(H11="","",H11*I11/100)
A12: 8 | J12: =IF(H12="","",H12*I12/100)
A13: 9 | J13: =IF(H13="","",H13*I13/100)
A14: 10 | J14: =IF(H14="","",H14*I14/100)
A15: 11 | J15: =IF(H15="","",H15*I15/100)
A16: 12 | J16: =IF(H16="","",H16*I16/100)
A17: 13 | J17: =IF(H17="","",H17*I17/100)
A18: 14 | J18: =IF(H18="","",H18*I18/100)
A19: 15 | J19: =IF(H19="","",H19*I19/100)
A20: 16 | J20: =IF(H20="","",H20*I20/100)
A21: 17 | J21: =IF(H21="","",H21*I21/100)
... A34: 30 | J34: =IF(H34="","",H34*I34/100)

Sheet Pipeline
A1: AI Osha — Pipeline
A2: Forecast pesato per stadio. Si calcola dal foglio Lead & Clienti.
A4: Stadio | B4: Numero deal | C4: Valore totale (€) | D4: Valore pesato (€)
A5: Primo contatto | B5: =COUNTIF('Lead & Clienti'!$G$5:$G$34,A5) | C5: =SUMIF('Lead & Clienti'!$G$5:$G$34,A5,'Lead & Clienti'!$H$5:$H$34) | D5: =SUMIF('Lead & Clienti'!$G$5:$G$34,A5,'Lead & Clienti'!$J$5:$J$34)
A6: Qualificato | B6: =COUNTIF('Lead & Clienti'!$G$5:$G$34,A6) | C6: =SUMIF('Lead & Clienti'!$G$5:$G$34,A6,'Lead & Clienti'!$H$5:$H$34) | D6: =SUMIF('Lead & Clienti'!$G$5:$G$34,A6,'Lead & Clienti'!$J$5:$J$34)
A7: Proposta inviata | B7: =COUNTIF('Lead & Clienti'!$G$5:$G$34,A7) | C7: =SUMIF('Lead & Clienti'!$G$5:$G$34,A7,'Lead & Clienti'!$H$5:$H$34) | D7: =SUMIF('Lead & Clienti'!$G$5:$G$34,A7,'Lead & Clienti'!$J$5:$J$34)
A8: Negoziazione | B8: =COUNTIF('Lead & Clienti'!$G$5:$G$34,A8) | C8: =SUMIF('Lead & Clienti'!$G$5:$G$34,A8,'Lead & Clienti'!$H$5:$H$34) | D8: =SUMIF('Lead & Clienti'!$G$5:$G$34,A8,'Lead & Clienti'!$J$5:$J$34)
A9: Vinto | B9: =COUNTIF('Lead & Clienti'!$G$5:$G$34,A9) | C9: =SUMIF('Lead & Clienti'!$G$5:$G$34,A9,'Lead & Clienti'!$H$5:$H$34) | D9: =SUMIF('Lead & Clienti'!$G$5:$G$34,A9,'Lead & Clienti'!$J$5:$J$34)
A10: Perso | B10: =COUNTIF('Lead & Clienti'!$G$5:$G$34,A10) | C10: =SUMIF('Lead & Clienti'!$G$5:$G$34,A10,'Lead & Clienti'!$H$5:$H$34) | D10: =SUMIF('Lead & Clienti'!$G$5:$G$34,A10,'Lead & Clienti'!$J$5:$J$34)
A11: TOTALE | B11: =SUM(B5:B10) | C11: =SUM(C5:C10) | D11: =SUM(D5:D10)
